<?xml version="1.0" encoding="iso-8859-1"?>
<items>
<playlist_name>Buscadores</playlist_name>
  	
<channel>       
<title><![CDATA[Buscador nVkontakte]]></title>
<logo_30x30></logo_30x30>
<description><![CDATA[<img src="vkontakte_video_logo.png">]]></description>
<playlist_url><![CDATA[nStreamModul@nVkontaktesearch@start@vkontakte]]></playlist_url>
</channel>
	
<channel>       
<title><![CDATA[Buscador Youtube Ok y Stop]]></title>
<logo_30x30></logo_30x30>
<description><![CDATA[<img src="youtube.png">]]></description>
<playlist_url><![CDATA[nStreamModul@youtubesearch@start@youtube]]></playlist_url>
</channel>

<next_page_url text="FAVORITOS"><![CDATA[nStreamFavorites.xml]]></next_page_url>
<prev_page_url text="ATRAS"><![CDATA[nStreamVOD.xml]]></prev_page_url>
<search_on text="BUSCAR"><![CDATA[search]]></search_on>
</items>
	 
	 